checking_status,duration_months,credit_history,purpose,credit_amount,savings_status,employment_since,installment_rate,personal_status_sex,other_debtors,residence_since,property,age_years,other_installment_plans,housing,existing_credits,job,num_liable,telephone,foreign_worker,target
0 <= ... < 200 DM,45,critical account / credits elsewhere,radio / television,4746,< 100 DM,< 1 year,4,male: single,none,2,building society savings / life insurance,25,none,own,2,unskilled resident,1,none,yes,2
0 <= ... < 200 DM,9,critical account / credits elsewhere,furniture / equipment,1919,< 100 DM,4 <= ... < 7 years,4,male: single,none,3,car or other,35,none,rent,1,skilled employee / official,1,registered in customer name,yes,1
0 <= ... < 200 DM,6,critical account / credits elsewhere,retraining,932,unknown / no savings account,4 <= ... < 7 years,1,female: divorced / separated / married,none,3,building society savings / life insurance,39,none,own,2,unskilled resident,1,none,yes,1
< 0 DM,24,existing credits paid back duly till now,furniture / equipment,3021,< 100 DM,1 <= ... < 4 years,2,male: divorced / separated,none,2,real estate,24,none,rent,1,unskilled resident,1,none,yes,1
no checking account,9,existing credits paid back duly till now,radio / television,2697,< 100 DM,1 <= ... < 4 years,1,male: single,none,2,real estate,32,none,own,1,skilled employee / official,2,none,yes,1
no checking account,12,existing credits paid back duly till now,business,1076,< 100 DM,1 <= ... < 4 years,2,male: married / widowed,none,2,real estate,26,none,own,1,skilled employee / official,1,registered in customer name,no,1
< 0 DM,18,existing credits paid back duly till now,furniture / equipment,2659,>= 1000 DM,1 <= ... < 4 years,4,male: single,none,2,car or other,28,none,own,1,skilled employee / official,1,none,yes,1
< 0 DM,12,existing credits paid back duly till now,furniture / equipment,2578,< 100 DM,unemployed,3,female: divorced / separated / married,none,4,unknown / no property,55,none,for free,1,management / self-employed / highly qualified,1,none,yes,1
no checking account,33,critical account / credits elsewhere,car (used),7253,< 100 DM,4 <= ... < 7 years,3,male: single,none,2,car or other,35,none,own,2,management / self-employed / highly qualified,1,registered in customer name,yes,1
< 0 DM,12,existing credits paid back duly till now,furniture / equipment,1620,< 100 DM,1 <= ... < 4 years,2,female: divorced / separated / married,co-applicant,3,building society savings / life insurance,30,none,own,1,skilled employee / official,1,none,yes,1
no checking account,12,no credits taken / all paid back duly,furniture / equipment,2759,< 100 DM,>= 7 years,2,male: single,none,4,building society savings / life insurance,34,none,own,2,skilled employee / official,1,none,yes,1
no checking account,6,existing credits paid back duly till now,car (new),3518,< 100 DM,1 <= ... < 4 years,2,male: single,guarantor,3,building society savings / life insurance,26,none,rent,1,skilled employee / official,1,none,yes,1
< 0 DM,24,delay in paying off in the past,car (new),1333,< 100 DM,unemployed,4,male: single,none,2,real estate,43,none,for free,2,skilled employee / official,2,none,yes,2
no checking account,12,critical account / credits elsewhere,repairs,996,unknown / no savings account,4 <= ... < 7 years,4,female: divorced / separated / married,none,4,real estate,23,none,own,2,skilled employee / official,1,none,yes,1
no checking account,12,existing credits paid back duly till now,radio / television,1493,< 100 DM,< 1 year,4,female: divorced / separated / married,none,3,car or other,34,none,own,1,skilled employee / official,2,none,yes,1
no checking account,12,existing credits paid back duly till now,car (new),1386,500 <= ... < 1000 DM,1 <= ... < 4 years,2,female: divorced / separated / married,none,2,building society savings / life insurance,26,none,own,1,skilled employee / official,1,none,yes,2
< 0 DM,12,existing credits paid back duly till now,car (new),900,unknown / no savings account,1 <= ... < 4 years,4,male: married / widowed,none,2,car or other,23,none,own,1,skilled employee / official,1,none,yes,2
no checking account,21,existing credits paid back duly till now,car (used),2476,unknown / no savings account,>= 7 years,4,male: single,none,4,real estate,46,none,own,1,management / self-employed / highly qualified,1,registered in customer name,yes,1
>= 200 DM / salary assigned for 1+ year,15,critical account / credits elsewhere,radio / television,1271,unknown / no savings account,1 <= ... < 4 years,3,male: single,none,4,unknown / no property,39,none,for free,2,skilled employee / official,1,registered in customer name,yes,2
0 <= ... < 200 DM,39,critical account / credits elsewhere,radio / television,4933,< 100 DM,4 <= ... < 7 years,2,male: single,guarantor,2,real estate,25,none,own,2,skilled employee / official,1,none,yes,2
0 <= ... < 200 DM,6,existing credits paid back duly till now,radio / television,484,< 100 DM,4 <= ... < 7 years,3,male: married / widowed,guarantor,3,real estate,28,bank,own,1,unskilled resident,1,none,yes,1
no checking account,9,existing credits paid back duly till now,car (new),3577,100 <= ... < 500 DM,1 <= ... < 4 years,1,male: single,guarantor,2,real estate,26,none,rent,1,skilled employee / official,2,none,no,1
0 <= ... < 200 DM,48,existing credits paid back duly till now,business,15672,< 100 DM,1 <= ... < 4 years,2,male: single,none,2,car or other,23,none,own,1,skilled employee / official,1,registered in customer name,yes,2
0 <= ... < 200 DM,6,existing credits paid back duly till now,repairs,454,< 100 DM,< 1 year,3,male: married / widowed,none,1,building society savings / life insurance,22,none,own,1,unskilled resident,1,none,yes,1
